Concentration,S/L ratio,Pre-treatments,Time,LDOPA
Water,A1:25,Sonication,10 min,18682.4
Water,A1:50,Sonication,10 min,33841.03
Water,A1:75,Sonication,10 min,30090.22
Water,A1:100,Sonication,10 min,31540.24
Water,A1:25,Rotospin,10 min,26797.46
Water,A1:50,Rotospin,10 min,28587.31
Water,A1:75,Rotospin,10 min,31263.31
Water,A1:100,Rotospin,10 min,31579.39
Water,A1:25,Sonication,20 min,27321.48
Water,A1:50,Sonication,20 min,27339.26
Water,A1:75,Sonication,20 min,31783.25
Water,A1:100,Sonication,20 min,31809.48
Water,A1:25,Rotospin,20 min,15664.9
Water,A1:50,Rotospin,20 min,29342.66
Water,A1:75,Rotospin,20 min,32712.53
Water,A1:100,Rotospin,20 min,37861.85
Water,A1:25,Sonication,30 min,28869.81
Water,A1:50,Sonication,30 min,30770.98
Water,A1:75,Sonication,30 min,32681.73
Water,A1:100,Sonication,30 min,31715.36
Water,A1:25,Rotospin,30 min,8285.62
Water,A1:50,Rotospin,30 min,47066.48
Water,A1:75,Rotospin,30 min,42353.86
Water,A1:100,Rotospin,30 min,40041.16
AA 0.1%,A1:25,Sonication,10 min,31560.97
AA 0.1%,A1:50,Sonication,10 min,32876.88
AA 0.1%,A1:75,Sonication,10 min,32573.49
AA 0.1%,A1:100,Sonication,10 min,31635.7
AA 0.1%,A1:25,Rotospin,10 min,24417.05
AA 0.1%,A1:50,Rotospin,10 min,24634.39
AA 0.1%,A1:75,Rotospin,10 min,25343.46
AA 0.1%,A1:100,Rotospin,10 min,32513.89
AA 0.1%,A1:25,Sonication,20 min,29512.81
AA 0.1%,A1:50,Sonication,20 min,32831.14
AA 0.1%,A1:75,Sonication,20 min,31524.43
AA 0.1%,A1:100,Sonication,20 min,32177.97
AA 0.1%,A1:25,Rotospin,20 min,18381.09
AA 0.1%,A1:50,Rotospin,20 min,17644.03
AA 0.1%,A1:75,Rotospin,20 min,19834.45
AA 0.1%,A1:100,Rotospin,20 min,22693.34
AA 0.1%,A1:25,Sonication,30 min,28477.05
AA 0.1%,A1:50,Sonication,30 min,31718.13
AA 0.1%,A1:75,Sonication,30 min,32074.48
AA 0.1%,A1:100,Sonication,30 min,32200.07
AA 0.1%,A1:25,Rotospin,30 min,14878.13
AA 0.1%,A1:50,Rotospin,30 min,16463.9
AA 0.1%,A1:75,Rotospin,30 min,19183.84
AA 0.1%,A1:100,Rotospin,30 min,22013.29
AA 0.2%,A1:25,Sonication,10 min,23208.31
AA 0.2%,A1:50,Sonication,10 min,30422.31
AA 0.2%,A1:75,Sonication,10 min,22448.08
AA 0.2%,A1:100,Sonication,10 min,27695.08
AA 0.2%,A1:25,Rotospin,10 min,15766.78
AA 0.2%,A1:50,Rotospin,10 min,20449.69
AA 0.2%,A1:75,Rotospin,10 min,26829.21
AA 0.2%,A1:100,Rotospin,10 min,32170.25
AA 0.2%,A1:25,Sonication,20 min,26644.21
AA 0.2%,A1:50,Sonication,20 min,27765.43
AA 0.2%,A1:75,Sonication,20 min,27746.87
AA 0.2%,A1:100,Sonication,20 min,30879.95
AA 0.2%,A1:25,Rotospin,20 min,8954.5
AA 0.2%,A1:50,Rotospin,20 min,15641.86
AA 0.2%,A1:75,Rotospin,20 min,21555.22
AA 0.2%,A1:100,Rotospin,20 min,24651.29
AA 0.2%,A1:25,Sonication,30 min,28987.02
AA 0.2%,A1:50,Sonication,30 min,14758.3
AA 0.2%,A1:75,Sonication,30 min,19913.27
AA 0.2%,A1:100,Sonication,30 min,30017.25
AA 0.2%,A1:25,Rotospin,30 min,7897.31
AA 0.2%,A1:50,Rotospin,30 min,31198.18
AA 0.2%,A1:75,Rotospin,30 min,30710.89
AA 0.2%,A1:100,Rotospin,30 min,23083.29
AA 0.5%,A1:25,Sonication,10 min,21305.11
AA 0.5%,A1:50,Sonication,10 min,29089.59
AA 0.5%,A1:75,Sonication,10 min,25853.38
AA 0.5%,A1:100,Sonication,10 min,20088.37
AA 0.5%,A1:25,Rotospin,10 min,17744.23
AA 0.5%,A1:50,Rotospin,10 min,24347.3
AA 0.5%,A1:75,Rotospin,10 min,25853.38
AA 0.5%,A1:100,Rotospin,10 min,27492.11
AA 0.5%,A1:25,Sonication,20 min,28810.59
AA 0.5%,A1:50,Sonication,20 min,31514.55
AA 0.5%,A1:75,Sonication,20 min,32551.32
AA 0.5%,A1:100,Sonication,20 min,32031.35
AA 0.5%,A1:25,Rotospin,20 min,11528.39
AA 0.5%,A1:50,Rotospin,20 min,18619.81
AA 0.5%,A1:75,Rotospin,20 min,21288.7
AA 0.5%,A1:100,Rotospin,20 min,24726.98
AA 0.5%,A1:25,Sonication,30 min,28204.86
AA 0.5%,A1:50,Sonication,30 min,31427.44
AA 0.5%,A1:75,Sonication,30 min,31274.23
AA 0.5%,A1:100,Sonication,30 min,31946.96
AA 0.5%,A1:25,Rotospin,30 min,9598.31
AA 0.5%,A1:50,Rotospin,30 min,24347.3
AA 0.5%,A1:75,Rotospin,30 min,20083.49
AA 0.5%,A1:100,Rotospin,30 min,23403.17
HCl 0.01N,A1:25,Sonication,10 min,26769.31
HCl 0.01N,A1:50,Sonication,10 min,28837.11
HCl 0.01N,A1:75,Sonication,10 min,29290.6
HCl 0.01N,A1:100,Sonication,10 min,30613.92
HCl 0.01N,A1:25,Rotospin,10 min,18446.76
HCl 0.01N,A1:50,Rotospin,10 min,24857.78
HCl 0.01N,A1:75,Rotospin,10 min,29072.68
HCl 0.01N,A1:100,Rotospin,10 min,30491.11
HCl 0.01N,A1:25,Sonication,20 min,20790.73
HCl 0.01N,A1:50,Sonication,20 min,28824.45
HCl 0.01N,A1:75,Sonication,20 min,30890.18
HCl 0.01N,A1:100,Sonication,20 min,30776.88
HCl 0.01N,A1:25,Rotospin,20 min,12588.85
HCl 0.01N,A1:50,Rotospin,20 min,20178.44
HCl 0.01N,A1:75,Rotospin,20 min,27260.27
HCl 0.01N,A1:100,Rotospin,20 min,29556.52
HCl 0.01N,A1:25,Sonication,30 min,21487.65
HCl 0.01N,A1:50,Sonication,30 min,29468.51
HCl 0.01N,A1:75,Sonication,30 min,31425.19
HCl 0.01N,A1:100,Sonication,30 min,30125.54
HCl 0.01N,A1:25,Rotospin,30 min,9448.22
HCl 0.01N,A1:50,Rotospin,30 min,14192.9
HCl 0.01N,A1:75,Rotospin,30 min,24686.57
HCl 0.01N,A1:100,Rotospin,30 min,29337.72
HCl 0.05N,A1:25,Sonication,10 min,31612
HCl 0.05N,A1:50,Sonication,10 min,34825.62
HCl 0.05N,A1:75,Sonication,10 min,34390.1
HCl 0.05N,A1:100,Sonication,10 min,36642.02
HCl 0.05N,A1:25,Rotospin,10 min,28388.05
HCl 0.05N,A1:50,Rotospin,10 min,34350.1
HCl 0.05N,A1:75,Rotospin,10 min,36296.16
HCl 0.05N,A1:100,Rotospin,10 min,33398.49
HCl 0.05N,A1:25,Sonication,20 min,30387.94
HCl 0.05N,A1:50,Sonication,20 min,35152.4
HCl 0.05N,A1:75,Sonication,20 min,31032.4
HCl 0.05N,A1:100,Sonication,20 min,33958.59
HCl 0.05N,A1:25,Rotospin,20 min,31058.82
HCl 0.05N,A1:50,Rotospin,20 min,33611.51
HCl 0.05N,A1:75,Rotospin,20 min,38524.8
HCl 0.05N,A1:100,Rotospin,20 min,35674.7
HCl 0.05N,A1:25,Sonication,30 min,26998.72
HCl 0.05N,A1:50,Sonication,30 min,42017.19
HCl 0.05N,A1:75,Sonication,30 min,32831.21
HCl 0.05N,A1:100,Sonication,30 min,31865.32
HCl 0.05N,A1:25,Rotospin,30 min,26249.59
HCl 0.05N,A1:50,Rotospin,30 min,38151.96
HCl 0.05N,A1:75,Rotospin,30 min,31914.87
HCl 0.05N,A1:100,Rotospin,30 min,44504.39
HCl 0.1N,A1:25,Sonication,10 min,31844.33
HCl 0.1N,A1:50,Sonication,10 min,34397.54
HCl 0.1N,A1:75,Sonication,10 min,34227.26
HCl 0.1N,A1:100,Sonication,10 min,33156.25
HCl 0.1N,A1:25,Rotospin,10 min,29872.74
HCl 0.1N,A1:50,Rotospin,10 min,33503.06
HCl 0.1N,A1:75,Rotospin,10 min,34058.07
HCl 0.1N,A1:100,Rotospin,10 min,30462.55
HCl 0.1N,A1:25,Sonication,20 min,25555.21
HCl 0.1N,A1:50,Sonication,20 min,33254.42
HCl 0.1N,A1:75,Sonication,20 min,31808.39
HCl 0.1N,A1:100,Sonication,20 min,29682.81
HCl 0.1N,A1:25,Rotospin,20 min,30171.41
HCl 0.1N,A1:50,Rotospin,20 min,33092.61
HCl 0.1N,A1:75,Rotospin,20 min,32684.8
HCl 0.1N,A1:100,Rotospin,20 min,33205.47
HCl 0.1N,A1:25,Sonication,30 min,30256.73
HCl 0.1N,A1:50,Sonication,30 min,40463.82
HCl 0.1N,A1:75,Sonication,30 min,33244.63
HCl 0.1N,A1:100,Sonication,30 min,31639.41
HCl 0.1N,A1:25,Rotospin,30 min,31013.02
HCl 0.1N,A1:50,Rotospin,30 min,32572.33
HCl 0.1N,A1:75,Rotospin,30 min,33098.47
HCl 0.1N,A1:100,Rotospin,30 min,32347.18
Lemon 20%,A1:25,Sonication,10 min,29957.08
Lemon 20%,A1:50,Sonication,10 min,39938.36
Lemon 20%,A1:75,Sonication,10 min,38516.59
Lemon 20%,A1:100,Sonication,10 min,32876.76
Lemon 20%,A1:25,Rotospin,10 min,24948.95
Lemon 20%,A1:50,Rotospin,10 min,34679.74
Lemon 20%,A1:75,Rotospin,10 min,34162.22
Lemon 20%,A1:100,Rotospin,10 min,35049.3
Lemon 20%,A1:25,Sonication,20 min,27152.73
Lemon 20%,A1:50,Sonication,20 min,29747.16
Lemon 20%,A1:75,Sonication,20 min,37478.7
Lemon 20%,A1:100,Sonication,20 min,37072.53
Lemon 20%,A1:25,Rotospin,20 min,29154.09
Lemon 20%,A1:50,Rotospin,20 min,38270.6
Lemon 20%,A1:75,Rotospin,20 min,38712.13
Lemon 20%,A1:100,Rotospin,20 min,37550.34
Lemon 20%,A1:25,Sonication,30 min,28542.16
Lemon 20%,A1:50,Sonication,30 min,38361.85
Lemon 20%,A1:75,Sonication,30 min,43309.16
Lemon 20%,A1:100,Sonication,30 min,35927.02
Lemon 20%,A1:25,Rotospin,30 min,29675.61
Lemon 20%,A1:50,Rotospin,30 min,30642.17
Lemon 20%,A1:75,Rotospin,30 min,33452.71
Lemon 20%,A1:100,Rotospin,30 min,37379.69
Lemon 10%,A1:25,Sonication,10 min,28450.86
Lemon 10%,A1:50,Sonication,10 min,35074.4
Lemon 10%,A1:75,Sonication,10 min,33669.55
Lemon 10%,A1:100,Sonication,10 min,55745.83
Lemon 10%,A1:25,Rotospin,10 min,16882.44
Lemon 10%,A1:50,Rotospin,10 min,17434.69
Lemon 10%,A1:75,Rotospin,10 min,31293.26
Lemon 10%,A1:100,Rotospin,10 min,35513.1
Lemon 10%,A1:25,Sonication,20 min,25325.64
Lemon 10%,A1:50,Sonication,20 min,30839.24
Lemon 10%,A1:75,Sonication,20 min,37111.01
Lemon 10%,A1:100,Sonication,20 min,40924.16
Lemon 10%,A1:25,Rotospin,20 min,13365.46
Lemon 10%,A1:50,Rotospin,20 min,26957.05
Lemon 10%,A1:75,Rotospin,20 min,32360.98
Lemon 10%,A1:100,Rotospin,20 min,37720.23
Lemon 10%,A1:25,Sonication,30 min,26740.85
Lemon 10%,A1:50,Sonication,30 min,31631.85
Lemon 10%,A1:75,Sonication,30 min,34168.9
Lemon 10%,A1:100,Sonication,30 min,36429.24
Lemon 10%,A1:25,Rotospin,30 min,12758.68
Lemon 10%,A1:50,Rotospin,30 min,27521.81
Lemon 10%,A1:75,Rotospin,30 min,33317.52
Lemon 10%,A1:100,Rotospin,30 min,34119.06
Lemon 5%,A1:25,Sonication,10 min,27340.94
Lemon 5%,A1:50,Sonication,10 min,33963.82
Lemon 5%,A1:75,Sonication,10 min,33005.58
Lemon 5%,A1:100,Sonication,10 min,40513.83
Lemon 5%,A1:25,Rotospin,10 min,16684
Lemon 5%,A1:50,Rotospin,10 min,17204.03
Lemon 5%,A1:75,Rotospin,10 min,30003.02
Lemon 5%,A1:100,Rotospin,10 min,35019.59
Lemon 5%,A1:25,Sonication,20 min,24237.39
Lemon 5%,A1:50,Sonication,20 min,29570.98
Lemon 5%,A1:75,Sonication,20 min,34431.4
Lemon 5%,A1:100,Sonication,20 min,39526.58
Lemon 5%,A1:25,Rotospin,20 min,13073.24
Lemon 5%,A1:50,Rotospin,20 min,26502.23
Lemon 5%,A1:75,Rotospin,20 min,31840.31
Lemon 5%,A1:100,Rotospin,20 min,36745.14
Lemon 5%,A1:25,Sonication,30 min,26776.6
Lemon 5%,A1:50,Sonication,30 min,30355.29
Lemon 5%,A1:75,Sonication,30 min,33105.9
Lemon 5%,A1:100,Sonication,30 min,35589.61
Lemon 5%,A1:25,Rotospin,30 min,12169.23
Lemon 5%,A1:50,Rotospin,30 min,27039.98
Lemon 5%,A1:75,Rotospin,30 min,33064.08
Lemon 5%,A1:100,Rotospin,30 min,33994.16
ACV 10%,A1:25,Sonication,10 min,28136.67
ACV 10%,A1:50,Sonication,10 min,33682.37
ACV 10%,A1:75,Sonication,10 min,32374.55
ACV 10%,A1:100,Sonication,10 min,39007.89
ACV 10%,A1:25,Rotospin,10 min,19396.64
ACV 10%,A1:50,Rotospin,10 min,25893.48
ACV 10%,A1:75,Rotospin,10 min,34520.9
ACV 10%,A1:100,Rotospin,10 min,35590.25
ACV 10%,A1:25,Sonication,20 min,20507.18
ACV 10%,A1:50,Sonication,20 min,33922.75
ACV 10%,A1:75,Sonication,20 min,31523.3
ACV 10%,A1:100,Sonication,20 min,37089.85
ACV 10%,A1:25,Rotospin,20 min,15559.66
ACV 10%,A1:50,Rotospin,20 min,23152.43
ACV 10%,A1:75,Rotospin,20 min,31047.49
ACV 10%,A1:100,Rotospin,20 min,34375.57
ACV 10%,A1:25,Sonication,30 min,24445.87
ACV 10%,A1:50,Sonication,30 min,33393.41
ACV 10%,A1:75,Sonication,30 min,31396.79
ACV 10%,A1:100,Sonication,30 min,28610.83
ACV 10%,A1:25,Rotospin,30 min,8076
ACV 10%,A1:50,Rotospin,30 min,20443.32
ACV 10%,A1:75,Rotospin,30 min,30441.58
ACV 10%,A1:100,Rotospin,30 min,32214.32
Water,A1:25,Sonication,10 min,15283.01
Water,A1:50,Sonication,10 min,33744.02
Water,A1:75,Sonication,10 min,30038.91
Water,A1:100,Sonication,10 min,31420.25
Water,A1:25,Rotospin,10 min,26401.37
Water,A1:50,Rotospin,10 min,28638.78
Water,A1:75,Rotospin,10 min,31162.4
Water,A1:100,Rotospin,10 min,31294.08
Water,A1:25,Sonication,20 min,27028.81
Water,A1:50,Sonication,20 min,27508.1
Water,A1:75,Sonication,20 min,31629.71
Water,A1:100,Sonication,20 min,31673.47
Water,A1:25,Rotospin,20 min,15576.83
Water,A1:50,Rotospin,20 min,29195.23
Water,A1:75,Rotospin,20 min,32500.33
Water,A1:100,Rotospin,20 min,37832.07
Water,A1:25,Sonication,30 min,28586.97
Water,A1:50,Sonication,30 min,30565.44
Water,A1:75,Sonication,30 min,32624
Water,A1:100,Sonication,30 min,31428.33
Water,A1:25,Rotospin,30 min,8247.69
Water,A1:50,Rotospin,30 min,46538.05
Water,A1:75,Rotospin,30 min,41894.3
Water,A1:100,Rotospin,30 min,39800.19
AA 0.1%,A1:25,Sonication,10 min,30052.97
AA 0.1%,A1:50,Sonication,10 min,32210.09
AA 0.1%,A1:75,Sonication,10 min,32991.77
AA 0.1%,A1:100,Sonication,10 min,31484.61
AA 0.1%,A1:25,Rotospin,10 min,20893.38
AA 0.1%,A1:50,Rotospin,10 min,24662.89
AA 0.1%,A1:75,Rotospin,10 min,25145.96
AA 0.1%,A1:100,Rotospin,10 min,32184.94
AA 0.1%,A1:25,Sonication,20 min,25643.18
AA 0.1%,A1:50,Sonication,20 min,33403.66
AA 0.1%,A1:75,Sonication,20 min,31882.42
AA 0.1%,A1:100,Sonication,20 min,32729.69
AA 0.1%,A1:25,Rotospin,20 min,16614.72
AA 0.1%,A1:50,Rotospin,20 min,17748.79
AA 0.1%,A1:75,Rotospin,20 min,19909.11
AA 0.1%,A1:100,Rotospin,20 min,22987.33
AA 0.1%,A1:25,Sonication,30 min,24856.88
AA 0.1%,A1:50,Sonication,30 min,31897.09
AA 0.1%,A1:75,Sonication,30 min,31746.35
AA 0.1%,A1:100,Sonication,30 min,32040.56
AA 0.1%,A1:25,Rotospin,30 min,13653.67
AA 0.1%,A1:50,Rotospin,30 min,16341.04
AA 0.1%,A1:75,Rotospin,30 min,19101.86
AA 0.1%,A1:100,Rotospin,30 min,21794.51
AA 0.2%,A1:25,Sonication,10 min,23068.4
AA 0.2%,A1:50,Sonication,10 min,30081.37
AA 0.2%,A1:75,Sonication,10 min,22610.3
AA 0.2%,A1:100,Sonication,10 min,27648.63
AA 0.2%,A1:25,Rotospin,10 min,15599.18
AA 0.2%,A1:50,Rotospin,10 min,20426.09
AA 0.2%,A1:75,Rotospin,10 min,26742.26
AA 0.2%,A1:100,Rotospin,10 min,31968.66
AA 0.2%,A1:25,Sonication,20 min,26285.88
AA 0.2%,A1:50,Sonication,20 min,27718.4
AA 0.2%,A1:75,Sonication,20 min,27637.52
AA 0.2%,A1:100,Sonication,20 min,30065.52
AA 0.2%,A1:25,Rotospin,20 min,8890.6
AA 0.2%,A1:50,Rotospin,20 min,15477.58
AA 0.2%,A1:75,Rotospin,20 min,21547.33
AA 0.2%,A1:100,Rotospin,20 min,24533.28
AA 0.2%,A1:25,Sonication,30 min,28267.61
AA 0.2%,A1:50,Sonication,30 min,31156.05
AA 0.2%,A1:75,Sonication,30 min,30663.1
AA 0.2%,A1:100,Sonication,30 min,29984.05
AA 0.2%,A1:25,Rotospin,30 min,7842.02
AA 0.2%,A1:50,Rotospin,30 min,14671.55
AA 0.2%,A1:75,Rotospin,30 min,19814.51
AA 0.2%,A1:100,Rotospin,30 min,22990.07
AA 0.5%,A1:25,Sonication,10 min,21089.78
AA 0.5%,A1:50,Sonication,10 min,29349.51
AA 0.5%,A1:75,Sonication,10 min,13149.47
AA 0.5%,A1:100,Sonication,10 min,20175.94
AA 0.5%,A1:25,Rotospin,10 min,17681.95
AA 0.5%,A1:50,Rotospin,10 min,24457.79
AA 0.5%,A1:75,Rotospin,10 min,25411.91
AA 0.5%,A1:100,Rotospin,10 min,27505.05
AA 0.5%,A1:25,Sonication,20 min,28557.58
AA 0.5%,A1:50,Sonication,20 min,31263.88
AA 0.5%,A1:75,Sonication,20 min,32408.03
AA 0.5%,A1:100,Sonication,20 min,31828.07
AA 0.5%,A1:25,Rotospin,20 min,11455.47
AA 0.5%,A1:50,Rotospin,20 min,17944.55
AA 0.5%,A1:75,Rotospin,20 min,21010.21
AA 0.5%,A1:100,Rotospin,20 min,24549.93
AA 0.5%,A1:25,Sonication,30 min,27917.72
AA 0.5%,A1:50,Sonication,30 min,31403.95
AA 0.5%,A1:75,Sonication,30 min,31067.82
AA 0.5%,A1:100,Sonication,30 min,31231.72
AA 0.5%,A1:25,Rotospin,30 min,9777.98
AA 0.5%,A1:50,Rotospin,30 min,15394.52
AA 0.5%,A1:75,Rotospin,30 min,19932.67
AA 0.5%,A1:100,Rotospin,30 min,23127.11
HCl 0.01N,A1:25,Sonication,10 min,26742.48
HCl 0.01N,A1:50,Sonication,10 min,29347.68
HCl 0.01N,A1:75,Sonication,10 min,29238.37
HCl 0.01N,A1:100,Sonication,10 min,30642.01
HCl 0.01N,A1:25,Rotospin,10 min,15792.31
HCl 0.01N,A1:50,Rotospin,10 min,24092.87
HCl 0.01N,A1:75,Rotospin,10 min,28056.45
HCl 0.01N,A1:100,Rotospin,10 min,30100.2
HCl 0.01N,A1:25,Sonication,20 min,20189.96
HCl 0.01N,A1:50,Sonication,20 min,29230.7
HCl 0.01N,A1:75,Sonication,20 min,30342.14
HCl 0.01N,A1:100,Sonication,20 min,30352.92
HCl 0.01N,A1:25,Rotospin,20 min,11439.87
HCl 0.01N,A1:50,Rotospin,20 min,19201.5
HCl 0.01N,A1:75,Rotospin,20 min,26424.47
HCl 0.01N,A1:100,Rotospin,20 min,29068.38
HCl 0.01N,A1:25,Sonication,30 min,20683.99
HCl 0.01N,A1:50,Sonication,30 min,29349.43
HCl 0.01N,A1:75,Sonication,30 min,30837.84
HCl 0.01N,A1:100,Sonication,30 min,29747.66
HCl 0.01N,A1:25,Rotospin,30 min,8685.86
HCl 0.01N,A1:50,Rotospin,30 min,14608.34
HCl 0.01N,A1:75,Rotospin,30 min,23790.53
HCl 0.01N,A1:100,Rotospin,30 min,28493.59
HCl 0.05N,A1:25,Sonication,10 min,31452.81
HCl 0.05N,A1:50,Sonication,10 min,36140.14
HCl 0.05N,A1:75,Sonication,10 min,34835.1
HCl 0.05N,A1:100,Sonication,10 min,36883.79
HCl 0.05N,A1:25,Rotospin,10 min,28522.59
HCl 0.05N,A1:50,Rotospin,10 min,35152.4
HCl 0.05N,A1:75,Rotospin,10 min,37058.27
HCl 0.05N,A1:100,Rotospin,10 min,34194.78
HCl 0.05N,A1:25,Sonication,20 min,30418.75
HCl 0.05N,A1:50,Sonication,20 min,33403.3
HCl 0.05N,A1:75,Sonication,20 min,31503.92
HCl 0.05N,A1:100,Sonication,20 min,33162.94
HCl 0.05N,A1:25,Rotospin,20 min,30925.27
HCl 0.05N,A1:50,Rotospin,20 min,33219.29
HCl 0.05N,A1:75,Rotospin,20 min,39189.98
HCl 0.05N,A1:100,Rotospin,20 min,36080.4
HCl 0.05N,A1:25,Sonication,30 min,26881.51
HCl 0.05N,A1:50,Sonication,30 min,42159.54
HCl 0.05N,A1:75,Sonication,30 min,33548.59
HCl 0.05N,A1:100,Sonication,30 min,31547.65
HCl 0.05N,A1:25,Rotospin,30 min,38189.69
HCl 0.05N,A1:50,Rotospin,30 min,38189.69
HCl 0.05N,A1:75,Rotospin,30 min,32102.21
HCl 0.05N,A1:100,Rotospin,30 min,44809.96
HCl 0.1N,A1:25,Sonication,10 min,31068.52
HCl 0.1N,A1:50,Sonication,10 min,35770.26
HCl 0.1N,A1:75,Sonication,10 min,34427.81
HCl 0.1N,A1:100,Sonication,10 min,36788.86
HCl 0.1N,A1:25,Rotospin,10 min,29076.77
HCl 0.1N,A1:50,Rotospin,10 min,33410.32
HCl 0.1N,A1:75,Rotospin,10 min,36592.61
HCl 0.1N,A1:100,Rotospin,10 min,30676.94
HCl 0.1N,A1:25,Sonication,20 min,25926.87
HCl 0.1N,A1:50,Sonication,20 min,33542.65
HCl 0.1N,A1:75,Sonication,20 min,31389.55
HCl 0.1N,A1:100,Sonication,20 min,29741.37
HCl 0.1N,A1:25,Rotospin,20 min,30201.75
HCl 0.1N,A1:50,Rotospin,20 min,33168.19
HCl 0.1N,A1:75,Rotospin,20 min,39059.62
HCl 0.1N,A1:100,Rotospin,20 min,33024.93
HCl 0.1N,A1:25,Sonication,30 min,29597.23
HCl 0.1N,A1:50,Sonication,30 min,41889.29
HCl 0.1N,A1:75,Sonication,30 min,33473.34
HCl 0.1N,A1:100,Sonication,30 min,31568.22
HCl 0.1N,A1:25,Rotospin,30 min,31054.27
HCl 0.1N,A1:50,Rotospin,30 min,32671.02
HCl 0.1N,A1:75,Rotospin,30 min,32346.4
HCl 0.1N,A1:100,Rotospin,30 min,32336.15
Lemon 20%,A1:25,Sonication,10 min,29863.53
Lemon 20%,A1:50,Sonication,10 min,39701.57
Lemon 20%,A1:75,Sonication,10 min,38196.77
Lemon 20%,A1:100,Sonication,10 min,34068.31
Lemon 20%,A1:25,Rotospin,10 min,26204.08
Lemon 20%,A1:50,Rotospin,10 min,35618.23
Lemon 20%,A1:75,Rotospin,10 min,34422.08
Lemon 20%,A1:100,Rotospin,10 min,35118.75
Lemon 20%,A1:25,Sonication,20 min,26681.85
Lemon 20%,A1:50,Sonication,20 min,29645.3
Lemon 20%,A1:75,Sonication,20 min,37684.88
Lemon 20%,A1:100,Sonication,20 min,37134.89
Lemon 20%,A1:25,Rotospin,20 min,28715.14
Lemon 20%,A1:50,Rotospin,20 min,38215.03
Lemon 20%,A1:75,Rotospin,20 min,37750.42
Lemon 20%,A1:100,Rotospin,20 min,37591.24
Lemon 20%,A1:25,Sonication,30 min,28176.76
Lemon 20%,A1:50,Sonication,30 min,38178
Lemon 20%,A1:75,Sonication,30 min,43084.88
Lemon 20%,A1:100,Sonication,30 min,35708.92
Lemon 20%,A1:25,Rotospin,30 min,29436.38
Lemon 20%,A1:50,Rotospin,30 min,29851.6
Lemon 20%,A1:75,Rotospin,30 min,33344.05
Lemon 20%,A1:100,Rotospin,30 min,37576.29
Lemon 10%,A1:25,Sonication,10 min,28606.56
Lemon 10%,A1:50,Sonication,10 min,34963.44
Lemon 10%,A1:75,Sonication,10 min,33535.42
Lemon 10%,A1:100,Sonication,10 min,55452.13
Lemon 10%,A1:25,Rotospin,10 min,17106.26
Lemon 10%,A1:50,Rotospin,10 min,17413.9
Lemon 10%,A1:75,Rotospin,10 min,31185.66
Lemon 10%,A1:100,Rotospin,10 min,35434.41
Lemon 10%,A1:25,Sonication,20 min,24576.58
Lemon 10%,A1:50,Sonication,20 min,28848.71
Lemon 10%,A1:75,Sonication,20 min,35164.5
Lemon 10%,A1:100,Sonication,20 min,40435.68
Lemon 10%,A1:25,Rotospin,20 min,13290.01
Lemon 10%,A1:50,Rotospin,20 min,26714.43
Lemon 10%,A1:75,Rotospin,20 min,32393.31
Lemon 10%,A1:100,Rotospin,20 min,37280.8
Lemon 10%,A1:25,Sonication,30 min,26665.18
Lemon 10%,A1:50,Sonication,30 min,31345.82
Lemon 10%,A1:75,Sonication,30 min,33948.22
Lemon 10%,A1:100,Sonication,30 min,35827.99
Lemon 10%,A1:25,Rotospin,30 min,12602.58
Lemon 10%,A1:50,Rotospin,30 min,27256.68
Lemon 10%,A1:75,Rotospin,30 min,33229.79
Lemon 10%,A1:100,Rotospin,30 min,34219.1
Lemon 5%,A1:25,Sonication,10 min,27549.08
Lemon 5%,A1:50,Sonication,10 min,33905.86
Lemon 5%,A1:75,Sonication,10 min,33156.2
Lemon 5%,A1:100,Sonication,10 min,40447.03
Lemon 5%,A1:25,Rotospin,10 min,16656.8
Lemon 5%,A1:50,Rotospin,10 min,17138.21
Lemon 5%,A1:75,Rotospin,10 min,29907.09
Lemon 5%,A1:100,Rotospin,10 min,34909.79
Lemon 5%,A1:25,Sonication,20 min,24207.91
Lemon 5%,A1:50,Sonication,20 min,29434.97
Lemon 5%,A1:75,Sonication,20 min,34375.14
Lemon 5%,A1:100,Sonication,20 min,39740.07
Lemon 5%,A1:25,Rotospin,20 min,12975.24
Lemon 5%,A1:50,Rotospin,20 min,26427.04
Lemon 5%,A1:75,Rotospin,20 min,31751.55
Lemon 5%,A1:100,Rotospin,20 min,36942.32
Lemon 5%,A1:25,Sonication,30 min,26662.84
Lemon 5%,A1:50,Sonication,30 min,30228.91
Lemon 5%,A1:75,Sonication,30 min,33029.09
Lemon 5%,A1:100,Sonication,30 min,35645.41
Lemon 5%,A1:25,Rotospin,30 min,12284.77
Lemon 5%,A1:50,Rotospin,30 min,26932.84
Lemon 5%,A1:75,Rotospin,30 min,32899.4
Lemon 5%,A1:100,Rotospin,30 min,33792.61
ACV 10%,A1:25,Sonication,10 min,28235.37
ACV 10%,A1:50,Sonication,10 min,33333.75
ACV 10%,A1:75,Sonication,10 min,32397.04
ACV 10%,A1:100,Sonication,10 min,38382.37
ACV 10%,A1:25,Rotospin,10 min,19096.51
ACV 10%,A1:50,Rotospin,10 min,25661.14
ACV 10%,A1:75,Rotospin,10 min,33969.36
ACV 10%,A1:100,Rotospin,10 min,35717.39
ACV 10%,A1:25,Sonication,20 min,20220.82
ACV 10%,A1:50,Sonication,20 min,33635.5
ACV 10%,A1:75,Sonication,20 min,31028.97
ACV 10%,A1:100,Sonication,20 min,36789.77
ACV 10%,A1:25,Rotospin,20 min,15264.29
ACV 10%,A1:50,Rotospin,20 min,22936.16
ACV 10%,A1:75,Rotospin,20 min,30851.96
ACV 10%,A1:100,Rotospin,20 min,34070.39
ACV 10%,A1:25,Sonication,30 min,24170.88
ACV 10%,A1:50,Sonication,30 min,33103.7
ACV 10%,A1:75,Sonication,30 min,30890.38
ACV 10%,A1:100,Sonication,30 min,28292.09
ACV 10%,A1:25,Rotospin,30 min,7975.57
ACV 10%,A1:50,Rotospin,30 min,22684.17
ACV 10%,A1:75,Rotospin,30 min,30445.53
ACV 10%,A1:100,Rotospin,30 min,33609.37
Water,A1:25,Sonication,10 min,12514.77
Water,A1:50,Sonication,10 min,33345.77
Water,A1:75,Sonication,10 min,29862.39
Water,A1:100,Sonication,10 min,31046.88
Water,A1:25,Rotospin,10 min,26205.28
Water,A1:50,Rotospin,10 min,28571.64
Water,A1:75,Rotospin,10 min,30823.84
Water,A1:100,Rotospin,10 min,31216.81
Water,A1:25,Sonication,20 min,26757.66
Water,A1:50,Sonication,20 min,27232.41
Water,A1:75,Sonication,20 min,31514.46
Water,A1:100,Sonication,20 min,31495.31
Water,A1:25,Rotospin,20 min,15437.7
Water,A1:50,Rotospin,20 min,28941.26
Water,A1:75,Rotospin,20 min,32298.51
Water,A1:100,Rotospin,20 min,37454.46
Water,A1:25,Sonication,30 min,28295.58
Water,A1:50,Sonication,30 min,19845.89
Water,A1:75,Sonication,30 min,8569.65
Water,A1:100,Sonication,30 min,2010.04
Water,A1:25,Rotospin,30 min,1926.42
Water,A1:50,Rotospin,30 min,10087.44
Water,A1:75,Rotospin,30 min,6078.11
Water,A1:100,Rotospin,30 min,4522.66
AA 0.1%,A1:25,Sonication,10 min,29596.21
AA 0.1%,A1:50,Sonication,10 min,31315.56
AA 0.1%,A1:75,Sonication,10 min,32152.01
AA 0.1%,A1:100,Sonication,10 min,31016.31
AA 0.1%,A1:25,Rotospin,10 min,20311.3
AA 0.1%,A1:50,Rotospin,10 min,23308.08
AA 0.1%,A1:75,Rotospin,10 min,24724.98
AA 0.1%,A1:100,Rotospin,10 min,31572.74
AA 0.1%,A1:25,Sonication,20 min,24905.47
AA 0.1%,A1:50,Sonication,20 min,32356.59
AA 0.1%,A1:75,Sonication,20 min,31474.08
AA 0.1%,A1:100,Sonication,20 min,32306.37
AA 0.1%,A1:25,Rotospin,20 min,16245.81
AA 0.1%,A1:50,Rotospin,20 min,17538.48
AA 0.1%,A1:75,Rotospin,20 min,19533.74
AA 0.1%,A1:100,Rotospin,20 min,22607.03
AA 0.1%,A1:25,Sonication,30 min,24392.05
AA 0.1%,A1:50,Sonication,30 min,31553.6
AA 0.1%,A1:75,Sonication,30 min,31791.94
AA 0.1%,A1:100,Sonication,30 min,31963.52
AA 0.1%,A1:25,Rotospin,30 min,13430.04
AA 0.1%,A1:50,Rotospin,30 min,16239.7
AA 0.1%,A1:75,Rotospin,30 min,19102.51
AA 0.1%,A1:100,Rotospin,30 min,21912.29
AA 0.2%,A1:25,Sonication,10 min,23115.32
AA 0.2%,A1:50,Sonication,10 min,29320.17
AA 0.2%,A1:75,Sonication,10 min,22541.65
AA 0.2%,A1:100,Sonication,10 min,27543.15
AA 0.2%,A1:25,Rotospin,10 min,15510.14
AA 0.2%,A1:50,Rotospin,10 min,20416.32
AA 0.2%,A1:75,Rotospin,10 min,26874.32
AA 0.2%,A1:100,Rotospin,10 min,32155.86
AA 0.2%,A1:25,Sonication,20 min,26132.83
AA 0.2%,A1:50,Sonication,20 min,27738.47
AA 0.2%,A1:75,Sonication,20 min,27477.68
AA 0.2%,A1:100,Sonication,20 min,29993.98
AA 0.2%,A1:25,Rotospin,20 min,9076.54
AA 0.2%,A1:50,Rotospin,20 min,15517.33
AA 0.2%,A1:75,Rotospin,20 min,21418.65
AA 0.2%,A1:100,Rotospin,20 min,24468.62
AA 0.2%,A1:25,Sonication,30 min,28086.56
AA 0.2%,A1:50,Sonication,30 min,30743.82
AA 0.2%,A1:75,Sonication,30 min,30291.29
AA 0.2%,A1:100,Sonication,30 min,29779.88
AA 0.2%,A1:25,Rotospin,30 min,7838.53
AA 0.2%,A1:50,Rotospin,30 min,14618.15
AA 0.2%,A1:75,Rotospin,30 min,19692.73
AA 0.2%,A1:100,Rotospin,30 min,22904.73
AA 0.5%,A1:25,Sonication,10 min,21138.79
AA 0.5%,A1:50,Sonication,10 min,28868.27
AA 0.5%,A1:75,Sonication,10 min,12849.93
AA 0.5%,A1:100,Sonication,10 min,19933.01
AA 0.5%,A1:25,Rotospin,10 min,17549.32
AA 0.5%,A1:50,Rotospin,10 min,23454.34
AA 0.5%,A1:75,Rotospin,10 min,25554.17
AA 0.5%,A1:100,Rotospin,10 min,27427.29
AA 0.5%,A1:25,Sonication,20 min,28454.98
AA 0.5%,A1:50,Sonication,20 min,31200.29
AA 0.5%,A1:75,Sonication,20 min,32188.08
AA 0.5%,A1:100,Sonication,20 min,31641.89
AA 0.5%,A1:25,Rotospin,20 min,11481.53
AA 0.5%,A1:50,Rotospin,20 min,18019.78
AA 0.5%,A1:75,Rotospin,20 min,21031.78
AA 0.5%,A1:100,Rotospin,20 min,24616.75
AA 0.5%,A1:25,Sonication,30 min,28031.02
AA 0.5%,A1:50,Sonication,30 min,31553.99
AA 0.5%,A1:75,Sonication,30 min,31181.33
AA 0.5%,A1:100,Sonication,30 min,31828.07
AA 0.5%,A1:25,Rotospin,30 min,9808.58
AA 0.5%,A1:50,Rotospin,30 min,15452.07
AA 0.5%,A1:75,Rotospin,30 min,21010.21
AA 0.5%,A1:100,Rotospin,30 min,23189.04
HCl 0.01N,A1:25,Sonication,10 min,26349.85
HCl 0.01N,A1:50,Sonication,10 min,28824.21
HCl 0.01N,A1:75,Sonication,10 min,28992.95
HCl 0.01N,A1:100,Sonication,10 min,30515.82
HCl 0.01N,A1:25,Rotospin,10 min,16124.45
HCl 0.01N,A1:50,Rotospin,10 min,25024.04
HCl 0.01N,A1:75,Rotospin,10 min,28992.95
HCl 0.01N,A1:100,Rotospin,10 min,30515.82
HCl 0.01N,A1:25,Sonication,20 min,20550.06
HCl 0.01N,A1:50,Sonication,20 min,29324.76
HCl 0.01N,A1:75,Sonication,20 min,31043.23
HCl 0.01N,A1:100,Sonication,20 min,31020.74
HCl 0.01N,A1:25,Rotospin,20 min,11712.06
HCl 0.01N,A1:50,Rotospin,20 min,20405.62
HCl 0.01N,A1:75,Rotospin,20 min,27415.46
HCl 0.01N,A1:100,Rotospin,20 min,29278.68
HCl 0.01N,A1:25,Sonication,30 min,20765.24
HCl 0.01N,A1:50,Sonication,30 min,29545.6
HCl 0.01N,A1:75,Sonication,30 min,30752.28
HCl 0.01N,A1:100,Sonication,30 min,29873.94
HCl 0.01N,A1:25,Rotospin,30 min,8857.91
HCl 0.01N,A1:50,Rotospin,30 min,14612.38
HCl 0.01N,A1:75,Rotospin,30 min,23720.99
HCl 0.01N,A1:100,Rotospin,30 min,28484.16
HCl 0.05N,A1:25,Sonication,10 min,31287.47
HCl 0.05N,A1:50,Sonication,10 min,35787.99
HCl 0.05N,A1:75,Sonication,10 min,35126.6
HCl 0.05N,A1:100,Sonication,10 min,36621.61
HCl 0.05N,A1:25,Rotospin,10 min,28429.79
HCl 0.05N,A1:50,Rotospin,10 min,34194.78
HCl 0.05N,A1:75,Rotospin,10 min,36858.62
HCl 0.05N,A1:100,Rotospin,10 min,33858.45
HCl 0.05N,A1:25,Sonication,20 min,30234.48
HCl 0.05N,A1:50,Sonication,20 min,34918.32
HCl 0.05N,A1:75,Sonication,20 min,30791.78
HCl 0.05N,A1:100,Sonication,20 min,33615.46
HCl 0.05N,A1:25,Rotospin,20 min,31034.45
HCl 0.05N,A1:50,Rotospin,20 min,33403.3
HCl 0.05N,A1:75,Rotospin,20 min,39123.64
HCl 0.05N,A1:100,Rotospin,20 min,36031.79
HCl 0.05N,A1:25,Sonication,30 min,27028.05
HCl 0.05N,A1:50,Sonication,30 min,42232.81
HCl 0.05N,A1:75,Sonication,30 min,33141.47
HCl 0.05N,A1:100,Sonication,30 min,31774.38
HCl 0.05N,A1:25,Rotospin,30 min,38363.05
HCl 0.05N,A1:50,Rotospin,30 min,38363.05
HCl 0.05N,A1:75,Rotospin,30 min,32433.32
HCl 0.05N,A1:100,Rotospin,30 min,45179.17
HCl 0.1N,A1:25,Sonication,10 min,31075.34
HCl 0.1N,A1:50,Sonication,10 min,35560.08
HCl 0.1N,A1:75,Sonication,10 min,35001.27
HCl 0.1N,A1:100,Sonication,10 min,32734.38
HCl 0.1N,A1:25,Rotospin,10 min,28075.23
HCl 0.1N,A1:50,Rotospin,10 min,33541.27
HCl 0.1N,A1:75,Rotospin,10 min,36515.83
HCl 0.1N,A1:100,Rotospin,10 min,33905.15
HCl 0.1N,A1:25,Sonication,20 min,29978.62
HCl 0.1N,A1:50,Sonication,20 min,32935.1
HCl 0.1N,A1:75,Sonication,20 min,31845.33
HCl 0.1N,A1:100,Sonication,20 min,29445.71
HCl 0.1N,A1:25,Rotospin,20 min,30119.25
HCl 0.1N,A1:50,Rotospin,20 min,33102.14
HCl 0.1N,A1:75,Rotospin,20 min,39044.03
HCl 0.1N,A1:100,Rotospin,20 min,36097.06
HCl 0.1N,A1:25,Sonication,30 min,29956.54
HCl 0.1N,A1:50,Sonication,30 min,41845.62
HCl 0.1N,A1:75,Sonication,30 min,2524.16
HCl 0.1N,A1:100,Sonication,30 min,31323.21
HCl 0.1N,A1:25,Rotospin,30 min,31063.21
HCl 0.1N,A1:50,Rotospin,30 min,32667.68
HCl 0.1N,A1:75,Rotospin,30 min,33081.45
HCl 0.1N,A1:100,Rotospin,30 min,44283.18
Lemon 20%,A1:25,Sonication,10 min,29845.47
Lemon 20%,A1:50,Sonication,10 min,39875.53
Lemon 20%,A1:75,Sonication,10 min,38209.5
Lemon 20%,A1:100,Sonication,10 min,34443.66
Lemon 20%,A1:25,Rotospin,10 min,26179.18
Lemon 20%,A1:50,Rotospin,10 min,35547.18
Lemon 20%,A1:75,Rotospin,10 min,34866.29
Lemon 20%,A1:100,Rotospin,10 min,35113.84
Lemon 20%,A1:25,Sonication,20 min,26357.48
Lemon 20%,A1:50,Sonication,20 min,29731.13
Lemon 20%,A1:75,Sonication,20 min,37505.19
Lemon 20%,A1:100,Sonication,20 min,37116.4
Lemon 20%,A1:25,Rotospin,20 min,28452.15
Lemon 20%,A1:50,Rotospin,20 min,37870.87
Lemon 20%,A1:75,Rotospin,20 min,37511.27
Lemon 20%,A1:100,Rotospin,20 min,37515.24
Lemon 20%,A1:25,Sonication,30 min,28072.03
Lemon 20%,A1:50,Sonication,30 min,38578.13
Lemon 20%,A1:75,Sonication,30 min,42928.75
Lemon 20%,A1:100,Sonication,30 min,35470.62
Lemon 20%,A1:25,Rotospin,30 min,29257.45
Lemon 20%,A1:50,Rotospin,30 min,29671.01
Lemon 20%,A1:75,Rotospin,30 min,33272.58
Lemon 20%,A1:100,Rotospin,30 min,37395.87
Lemon 10%,A1:25,Sonication,10 min,27994.96
Lemon 10%,A1:50,Sonication,10 min,34529.18
Lemon 10%,A1:75,Sonication,10 min,33147.97
Lemon 10%,A1:100,Sonication,10 min,54813.69
Lemon 10%,A1:25,Rotospin,10 min,16820.57
Lemon 10%,A1:50,Rotospin,10 min,17319.02
Lemon 10%,A1:75,Rotospin,10 min,30710.77
Lemon 10%,A1:100,Rotospin,10 min,35060.58
Lemon 10%,A1:25,Sonication,20 min,25465.25
Lemon 10%,A1:50,Sonication,20 min,29909.24
Lemon 10%,A1:75,Sonication,20 min,35280.15
Lemon 10%,A1:100,Sonication,20 min,40227.66
Lemon 10%,A1:25,Rotospin,20 min,13275.98
Lemon 10%,A1:50,Rotospin,20 min,26676.54
Lemon 10%,A1:75,Rotospin,20 min,32299.65
Lemon 10%,A1:100,Rotospin,20 min,37646.5
Lemon 10%,A1:25,Sonication,30 min,26724.27
Lemon 10%,A1:50,Sonication,30 min,31136.28
Lemon 10%,A1:75,Sonication,30 min,33340.1
Lemon 10%,A1:100,Sonication,30 min,35864.25
Lemon 10%,A1:25,Rotospin,30 min,12497.41
Lemon 10%,A1:50,Rotospin,30 min,27234.39
Lemon 10%,A1:75,Rotospin,30 min,33169.39
Lemon 10%,A1:100,Rotospin,30 min,34293.04
Lemon 5%,A1:25,Sonication,10 min,27522.54
Lemon 5%,A1:50,Sonication,10 min,34305.85
Lemon 5%,A1:75,Sonication,10 min,33318.36
Lemon 5%,A1:100,Sonication,10 min,40744.04
Lemon 5%,A1:25,Rotospin,10 min,16737.87
Lemon 5%,A1:50,Rotospin,10 min,17330.53
Lemon 5%,A1:75,Rotospin,10 min,30449.69
Lemon 5%,A1:100,Rotospin,10 min,35021.88
Lemon 5%,A1:25,Sonication,20 min,24413.95
Lemon 5%,A1:50,Sonication,20 min,29808.72
Lemon 5%,A1:75,Sonication,20 min,33291.1
Lemon 5%,A1:100,Sonication,20 min,39813.38
Lemon 5%,A1:25,Rotospin,20 min,13065.13
Lemon 5%,A1:50,Rotospin,20 min,26617.28
Lemon 5%,A1:75,Rotospin,20 min,31781.21
Lemon 5%,A1:100,Rotospin,20 min,37226.91
Lemon 5%,A1:25,Sonication,30 min,26735.02
Lemon 5%,A1:50,Sonication,30 min,30666.09
Lemon 5%,A1:75,Sonication,30 min,34562.19
Lemon 5%,A1:100,Sonication,30 min,35701.53
Lemon 5%,A1:25,Rotospin,30 min,12308.04
Lemon 5%,A1:50,Rotospin,30 min,27079.96
Lemon 5%,A1:75,Rotospin,30 min,33268.02
Lemon 5%,A1:100,Rotospin,30 min,33933.45
ACV 10%,A1:25,Sonication,10 min,27719.47
ACV 10%,A1:50,Sonication,10 min,33378.35
ACV 10%,A1:75,Sonication,10 min,32167.55
ACV 10%,A1:100,Sonication,10 min,38370.93
ACV 10%,A1:25,Rotospin,10 min,19043.14
ACV 10%,A1:50,Rotospin,10 min,25560.68
ACV 10%,A1:75,Rotospin,10 min,33905.95
ACV 10%,A1:100,Rotospin,10 min,35445.97
ACV 10%,A1:25,Sonication,20 min,20162.16
ACV 10%,A1:50,Sonication,20 min,33285.98
ACV 10%,A1:75,Sonication,20 min,30996.98
ACV 10%,A1:100,Sonication,20 min,36753.52
ACV 10%,A1:25,Rotospin,20 min,15191.42
ACV 10%,A1:50,Rotospin,20 min,22900.49
ACV 10%,A1:75,Rotospin,20 min,30783.22
ACV 10%,A1:100,Rotospin,20 min,34057.65
ACV 10%,A1:25,Sonication,30 min,24132.97
ACV 10%,A1:50,Sonication,30 min,33050.24
ACV 10%,A1:75,Sonication,30 min,30789.95
ACV 10%,A1:100,Sonication,30 min,28314.3
ACV 10%,A1:25,Rotospin,30 min,8021.18
ACV 10%,A1:50,Rotospin,30 min,22727.7
ACV 10%,A1:75,Rotospin,30 min,30405.28
ACV 10%,A1:100,Rotospin,30 min,33610.35
